Title,Price,Reviews,Total Reviews,Image
Title,Image,Reviews,Total Reviews,Price
Title,Image,Reviews,Total Reviews,Price
Title,Image,Reviews,Total Reviews,Price
Title,Image,Reviews,Total Reviews,Price
Title,Image,Reviews,Total Reviews,Price
Title,Image,Reviews,Total Reviews,Price
Title,Image,Reviews,Total Reviews,Price
Title,Image,Reviews,Total Reviews,Price
Title,Image,Reviews,Total Reviews,Price
Title,Image,Reviews,Total Reviews,Price
Title,Image,Reviews,Total Reviews,Price
Title,Image,Reviews,Total Reviews,Price
Title,Image,Reviews,Total Reviews,Price
Title,Image,Reviews,Total Reviews,Price
Title,Image,Reviews,Total Reviews,Price
Title,Image,Reviews,Total Reviews,Price
Title,Image,Reviews,Total Reviews,Price
Title,Image,Reviews,Total Reviews,Price
Title,Image,Reviews,Total Reviews,Price
Title,Image,Reviews,Total Reviews,Price
Title,Image,Reviews,Total Reviews,Price
Title,Image,Reviews,Total Reviews,Price
Title,Image,Reviews,Total Reviews,Price
Title,Image,Reviews,Total Reviews,Price
Title,Image,Reviews,Total Reviews,Price
Title,Image,Reviews,Total Reviews,Price
Title,Image,Reviews,Total Reviews,Price
Title,Image,Reviews,Total Reviews,Price
Title,Image,Reviews,Total Reviews,Price
